{"drawer":{"avatarEnabled":false,"enabled":false,"list":[],"wallpaperEnabled":false},"fab":{"enabled":true,"src":"add"},"toolbar":{"autoHide":false,"enabled":true,"homeButtonEnabled":true,"menus":[{"title":"Menu1","type":1},{"title":"Menu2","type":1},{"title":"Menu3","type":1},{"icon":"apps","title":"OverflowButton","type":0}],"searchEnabled":true,"style":0,"subTitle":"","title":"AppBar"},"viewPager":{"indGravity":0,"indStyle":0,"offscreenPageLimit":0,"pages":[],"userInputEnabled":false},"webView":{"colorMode":false,"darkMode":1,"javaScriptEnabled":true,"openOtherPageWays":2,"pcMode":false,"userAgent":"default"}}