{"drawer":{"avatarEnabled":true,"enabled":true,"headerMainText":"Hello World！","headerSecondaryText":"Start our FusionApp journey！","list":[[{"checked":false,"icon":"home","title":"Home","type":0}],[{"checked":false,"icon":"brightness_3","title":"Dark Theme","type":1},{"checked":false,"icon":"settings","title":"Settings","type":0}]],"wallpaperEnabled":false},"fab":{"enabled":true,"src":"add"},"toolbar":{"autoHide":false,"enabled":true,"homeButtonEnabled":true,"menus":[],"searchEnabled":false,"style":0,"subTitle":"","title":"AppBar"},"viewPager":{"indGravity":0,"indStyle":0,"offscreenPageLimit":0,"pages":[],"userInputEnabled":false},"webView":{"colorMode":false,"darkMode":1,"javaScriptEnabled":true,"openOtherPageWays":2,"pcMode":false,"userAgent":"default"}}