{"drawer":{"avatarEnabled":false,"enabled":false,"list":[],"wallpaperEnabled":false},"fab":{"enabled":false,"src":"add"},"toolbar":{"autoHide":false,"enabled":true,"homeButtonEnabled":true,"menus":[],"searchEnabled":false,"style":0,"subTitle":"","title":"AppBar"},"viewPager":{"indGravity":0,"indStyle":0,"offscreenPageLimit":0,"pages":[{"indIcon":"home","indTitle":"Home","url":"about:blank"},{"indIcon":"dashboard","indTitle":"Dashboard","url":"about:blank"},{"indIcon":"favorite","indTitle":"Favorites","url":"about:blank"}],"userInputEnabled":true},"webView":{"colorMode":false,"darkMode":1,"javaScriptEnabled":true,"openOtherPageWays":2,"pcMode":false,"userAgent":"default"}}